{"stats":{"minecraft:dropped":{"modernlife:deluxe_bed":1},"minecraft:custom":{"minecraft:time_since_rest":84276,"minecraft:crouch_one_cm":486,"minecraft:sprint_one_cm":50948,"minecraft:play_time":84276,"minecraft:walk_one_cm":302373,"minecraft:sneak_time":1333,"minecraft:drop":1,"minecraft:jump":316,"minecraft:leave_game":2,"minecraft:time_since_death":84276,"minecraft:total_world_time":84276,"minecraft:fly_one_cm":435178},"minecraft:picked_up":{"modernlife:tile_light":2,"modernlife:deluxe_bed":13,"minecraft:mangrove_door":2,"minecraft:white_banner":2},"minecraft:used":{"minecraft:stone_brick_stairs":39,"minecraft:dark_oak_planks":492,"minecraft:brown_terracotta":4,"modernlife:modern_jungle_bookshelf":4,"minecraft:black_concrete":123,"modernlife:spruce_glass_door":2,"modernlife:modern_oak_bookshelf":4,"minecraft:dirt_path":9,"minecraft:mangrove_door":9,"modernlife:tile_light":9,"modernlife:birch_night_stand":4,"minecraft:light_gray_concrete":25,"minecraft:black_stained_glass_pane":71,"modernlife:green_vinyl_siding":1,"minecraft:red_concrete":3,"minecraft:dark_oak_fence":7,"modernlife:light_bulb":3,"modernlife:street_light":5,"modernlife:cctv_camera":3,"minecraft:gray_concrete":124,"modernlife:blackstone_ramp":45,"modernlife:deluxe_bed":21,"minecraft:white_concrete_powder":1,"minecraft:painting":24,"modernlife:light_switch":7,"minecraft:stone":113,"minecraft:white_concrete":460,"minecraft:brown_concrete":1,"modernlife:modern_dark_oak_bookshelf":4,"modernlife:inset_light":21}},"DataVersion":3463}