{"stats":{"minecraft:dropped":{"modernlife:deluxe_bed":1},"minecraft:picked_up":{"modernlife:tile_light":11,"modernlife:deluxe_bed":13,"modernlife:bathtub":1,"minecraft:redstone":1,"minecraft:gray_concrete":1,"modernlife:dark_oak_wall_shelf":2,"minecraft:white_banner":2,"modernlife:acacia_wall_shelf":1,"minecraft:white_concrete":1,"minecraft:mangrove_door":2,"modernlife:light_switch":2},"minecraft:custom":{"minecraft:time_since_rest":159526,"minecraft:sprint_one_cm":139615,"minecraft:walk_one_cm":529949,"minecraft:drop":1,"minecraft:damage_dealt":20,"minecraft:fly_one_cm":1258186,"minecraft:crouch_one_cm":1598,"minecraft:play_time":159526,"minecraft:sneak_time":2626,"minecraft:jump":904,"minecraft:leave_game":3,"minecraft:walk_on_water_one_cm":35,"minecraft:time_since_death":159526,"minecraft:total_world_time":159526},"minecraft:used":{"minecraft:dark_oak_planks":528,"minecraft:brown_terracotta":4,"minecraft:black_concrete":203,"minecraft:dirt_path":9,"modernlife:modern_white_door":2,"minecraft:mangrove_door":9,"modernlife:double_dark_oak_wall_shelf":1,"minecraft:grass_block":4,"minecraft:light_gray_concrete":25,"minecraft:black_stained_glass_pane":71,"modernlife:green_vinyl_siding":1,"minecraft:red_concrete":3,"modernlife:acacia_wall_shelf":8,"minecraft:redstone":53,"modernlife:birch_night_stand":4,"modernlife:cctv_camera":3,"modernlife:bathroom_ceramic_tile":2,"modernlife:deluxe_bed":21,"minecraft:white_concrete_powder":1,"modernlife:street_light":5,"minecraft:brown_concrete":1,"modernlife:light_switch":14,"minecraft:stone":113,"modernlife:glass_panel":4,"minecraft:stone_brick_stairs":48,"modernlife:metal_grate":3,"modernlife:iron_glass_door":2,"minecraft:tripwire_hook":3,"modernlife:jail_door":2,"modernlife:dark_oak_wall_shelf":25,"minecraft:glowstone":10,"modernlife:modern_jungle_bookshelf":4,"modernlife:spruce_glass_door":2,"modernlife:paved_road":2,"minecraft:dirt":2,"modernlife:modern_oak_bookshelf":4,"modernlife:tile_light":95,"minecraft:tnt":7,"modernlife:glass_door":6,"minecraft:dark_oak_fence":7,"modernlife:light_bulb":3,"minecraft:glass_pane":2,"modernlife:blackstone_ramp":45,"minecraft:pearlescent_froglight":1,"minecraft:white_concrete":1047,"minecraft:gray_concrete":301,"minecraft:painting":24,"modernlife:coffee_mug":1,"modernlife:modern_dark_oak_bookshelf":4,"modernlife:mossy_stone_bricks_ramp":6,"modernlife:inset_light":21}},"DataVersion":3463}