{"stats":{"minecraft:killed":{"minecraft:bat":66,"minecraft:sheep":6},"minecraft:dropped":{"minecraft:birch_planks":2,"minecraft:flint_and_steel":1,"minecraft:gray_concrete":2,"minecraft:stone":3,"minecraft:white_concrete":1,"minecraft:stone_brick_stairs":1,"modernlife:birch_deck":1},"minecraft:used":{"modernlife:power_receiver":2,"modernlife:birch_chair":4,"modernlife:glass_stairs":4,"modernlife:stone_ramp":6,"minecraft:flint_and_steel":1,"minecraft:birch_planks":832,"modernlife:polished_andesite_kitchen_drawer_cabinet":1,"modernlife:seed_spreader":2,"modernlife:double_birch_wall_shelf":5,"modernlife:birch_night_stand":6,"modernlife:bathroom_ceramic_tile":19,"modernlife:tall_mirror":3,"minecraft:stone":4128,"modernlife:polished_diorite_barrier":328,"modernlife:white_painted_drywall":2,"modernlife:mirror":5,"modernlife:shower_head":20,"modernlife:massive_mirror":1,"modernlife:modern_birch_bookshelf":4,"minecraft:white_wool":11,"modernlife:dark_oak_wall_shelf":1,"minecraft:dirt":54,"modernlife:vinyl_siding":166,"modernlife:glass_door":4,"minecraft:brick_slab":13,"modernlife:winch":1,"modernlife:spruce_round_table":1,"modernlife:jail_bars":200,"minecraft:gray_concrete":3884,"modernlife:coffee_mug":2,"minecraft:spruce_fence":75,"modernlife:dark_oak_glass_door":9,"minecraft:birch_fence":5,"minecraft:birch_door":6,"minecraft:glass":15,"minecraft:dark_oak_planks":874,"modernlife:kitchen_sink":9,"minecraft:wooden_axe":1,"modernlife:washing_machine":4,"minecraft:sea_lantern":127,"minecraft:black_concrete":828,"minecraft:bricks":98,"minecraft:mangrove_door":3,"modernlife:modern_white_door":8,"minecraft:light_gray_concrete":60,"minecraft:black_stained_glass_pane":930,"minecraft:grass_block":243,"modernlife:green_vinyl_siding":844,"modernlife:deluxe_bed":8,"modernlife:six_panel_window":6,"modernlife:birch_deck":7,"modernlife:light_switch":1,"modernlife:birch_small_table":2,"modernlife:glass_panel":5,"modernlife:bathtub":18,"minecraft:stone_brick_stairs":93,"minecraft:stone_bricks":568,"modernlife:metal_grate":14,"modernlife:modern_warped_bookshelf":4,"minecraft:diamond_sword":81,"modernlife:jail_door":1,"minecraft:glowstone":17,"modernlife:toilet":5,"modernlife:cctv_screen":2,"modernlife:spruce_deck":3,"minecraft:white_banner":3,"modernlife:light_bulb":2,"modernlife:canvas":33,"minecraft:pearlescent_froglight":1,"minecraft:white_concrete":2247,"modernlife:electrical_outlet":2,"modernlife:inset_light":4},"minecraft:picked_up":{"modernlife:canvas":33,"minecraft:birch_planks":2,"minecraft:stone_brick_stairs":1,"modernlife:bathtub":5,"minecraft:gray_concrete":2,"minecraft:flint_and_steel":1,"modernlife:birch_deck":1,"modernlife:power_receiver":1,"modernlife:dark_oak_glass_door":1,"modernlife:tile_light":4,"minecraft:stone":3,"modernlife:deluxe_bed":5,"modernlife:dark_oak_wall_shelf":1,"minecraft:white_concrete":1,"minecraft:mutton":3,"modernlife:light_switch":2,"minecraft:white_wool":2},"minecraft:custom":{"minecraft:mob_kills":72,"minecraft:leave_game":8,"minecraft:time_since_death":53639,"minecraft:sleep_in_bed":3,"minecraft:time_since_rest":53666,"minecraft:sprint_one_cm":588753,"minecraft:walk_one_cm":1410046,"minecraft:drop":11,"minecraft:damage_dealt":4384,"minecraft:fly_one_cm":2985577,"minecraft:crouch_one_cm":12941,"minecraft:play_time":503533,"minecraft:deaths":1,"minecraft:sneak_time":12722,"minecraft:jump":1503,"minecraft:total_world_time":503590}},"DataVersion":3463}