{"stats":{"minecraft:dropped":{"minecraft:gray_concrete":1,"minecraft:stone":3,"minecraft:birch_planks":2,"minecraft:stone_brick_stairs":1,"modernlife:birch_deck":1},"minecraft:custom":{"minecraft:time_since_rest":338345,"minecraft:sprint_one_cm":386042,"minecraft:walk_one_cm":1010184,"minecraft:mob_kills":56,"minecraft:drop":8,"minecraft:damage_dealt":3470,"minecraft:fly_one_cm":2062991,"minecraft:crouch_one_cm":9764,"minecraft:play_time":377523,"minecraft:sneak_time":9923,"minecraft:jump":1118,"minecraft:leave_game":7,"minecraft:time_since_death":377523,"minecraft:sleep_in_bed":3,"minecraft:total_world_time":377580},"minecraft:picked_up":{"minecraft:stone":3,"modernlife:canvas":33,"modernlife:deluxe_bed":5,"minecraft:birch_planks":2,"minecraft:stone_brick_stairs":1,"minecraft:gray_concrete":1,"modernlife:birch_deck":1,"modernlife:power_receiver":1,"modernlife:dark_oak_glass_door":1,"minecraft:mutton":2,"modernlife:light_switch":1,"minecraft:white_wool":1},"minecraft:used":{"minecraft:birch_fence":5,"minecraft:mangrove_door":3,"modernlife:washing_machine":4,"minecraft:glass":15,"modernlife:kitchen_sink":9,"modernlife:power_receiver":2,"modernlife:birch_chair":4,"minecraft:birch_planks":832,"minecraft:sea_lantern":100,"minecraft:black_concrete":545,"minecraft:bricks":98,"modernlife:glass_stairs":4,"minecraft:black_stained_glass_pane":489,"modernlife:seed_spreader":2,"modernlife:stone_ramp":6,"modernlife:modern_white_door":8,"minecraft:light_gray_concrete":60,"modernlife:polished_andesite_kitchen_drawer_cabinet":1,"modernlife:green_vinyl_siding":824,"minecraft:grass_block":143,"modernlife:double_birch_wall_shelf":5,"modernlife:birch_night_stand":6,"modernlife:bathroom_ceramic_tile":19,"modernlife:deluxe_bed":8,"modernlife:six_panel_window":6,"modernlife:birch_deck":7,"modernlife:tall_mirror":3,"minecraft:stone":4127,"modernlife:glass_panel":5,"modernlife:birch_small_table":2,"modernlife:white_painted_drywall":2,"modernlife:polished_diorite_barrier":24,"modernlife:mirror":5,"modernlife:bathtub":1,"minecraft:stone_brick_stairs":88,"modernlife:massive_mirror":1,"modernlife:modern_birch_bookshelf":4,"minecraft:white_wool":11,"modernlife:toilet":5,"modernlife:modern_warped_bookshelf":4,"modernlife:jail_door":1,"minecraft:diamond_sword":79,"modernlife:vinyl_siding":166,"minecraft:dirt":54,"modernlife:cctv_screen":2,"modernlife:spruce_deck":3,"minecraft:white_banner":3,"minecraft:brick_slab":13,"modernlife:light_bulb":2,"modernlife:winch":1,"modernlife:spruce_round_table":1,"modernlife:canvas":33,"minecraft:gray_concrete":3098,"minecraft:white_concrete":1110,"minecraft:pearlescent_froglight":1,"minecraft:spruce_fence":75,"modernlife:dark_oak_glass_door":9,"modernlife:electrical_outlet":2,"modernlife:inset_light":4,"minecraft:dark_oak_planks":98},"minecraft:killed":{"minecraft:sheep":1,"minecraft:bat":55}},"DataVersion":3463}