{"stats":{"minecraft:killed":{"minecraft:bat":55},"minecraft:used":{"minecraft:birch_fence":5,"minecraft:light_gray_concrete":5,"minecraft:glass":15,"modernlife:kitchen_sink":9,"modernlife:power_receiver":2,"modernlife:birch_chair":4,"modernlife:washing_machine":4,"minecraft:sea_lantern":100,"minecraft:black_concrete":545,"minecraft:bricks":98,"modernlife:glass_stairs":4,"minecraft:birch_planks":832,"minecraft:black_stained_glass_pane":342,"modernlife:stone_ramp":6,"modernlife:modern_white_door":8,"modernlife:seed_spreader":2,"modernlife:polished_andesite_kitchen_drawer_cabinet":1,"minecraft:grass_block":101,"modernlife:green_vinyl_siding":822,"modernlife:double_birch_wall_shelf":5,"modernlife:birch_night_stand":6,"modernlife:bathroom_ceramic_tile":19,"modernlife:deluxe_bed":8,"modernlife:six_panel_window":6,"modernlife:birch_deck":7,"modernlife:tall_mirror":3,"minecraft:stone":4083,"modernlife:glass_panel":5,"modernlife:birch_small_table":2,"modernlife:white_painted_drywall":2,"modernlife:polished_diorite_barrier":24,"modernlife:mirror":5,"modernlife:bathtub":1,"minecraft:stone_brick_stairs":55,"modernlife:massive_mirror":1,"modernlife:modern_birch_bookshelf":4,"modernlife:toilet":4,"modernlife:modern_warped_bookshelf":4,"modernlife:jail_door":1,"minecraft:diamond_sword":79,"modernlife:vinyl_siding":166,"minecraft:dirt":54,"modernlife:cctv_screen":2,"modernlife:spruce_deck":3,"minecraft:white_banner":3,"minecraft:brick_slab":13,"modernlife:light_bulb":2,"modernlife:winch":1,"modernlife:spruce_round_table":1,"modernlife:canvas":33,"minecraft:white_concrete":36,"minecraft:gray_concrete":2635,"minecraft:pearlescent_froglight":1,"minecraft:spruce_fence":75,"modernlife:dark_oak_glass_door":9,"modernlife:electrical_outlet":2},"minecraft:picked_up":{"minecraft:stone":3,"modernlife:canvas":33,"modernlife:deluxe_bed":3,"minecraft:birch_planks":2,"modernlife:birch_deck":1,"modernlife:power_receiver":1,"modernlife:dark_oak_glass_door":1},"minecraft:custom":{"minecraft:time_since_rest":258352,"minecraft:sprint_one_cm":282678,"minecraft:walk_one_cm":858484,"minecraft:mob_kills":55,"minecraft:drop":6,"minecraft:damage_dealt":3381,"minecraft:fly_one_cm":1364554,"minecraft:crouch_one_cm":8807,"minecraft:play_time":297530,"minecraft:sneak_time":7144,"minecraft:jump":890,"minecraft:leave_game":7,"minecraft:time_since_death":297530,"minecraft:total_world_time":297587,"minecraft:sleep_in_bed":3},"minecraft:dropped":{"minecraft:stone":3,"minecraft:birch_planks":2,"modernlife:birch_deck":1}},"DataVersion":3463}